duration,package,dram,peak_rss,initial_temp,mid_temp,final_temp,Version,Algorithm
100638722.941,3035482647.0,29018419.0,14668,45.0,0,89.0,3.10,spectralnorm
100517447.308,3037910619.0,28981860.0,14604,45.0,0,89.0,3.10,spectralnorm
106816143.47,3215521310.0,30771650.0,14708,45.0,0,89.0,3.10,spectralnorm
111269723.387,3333958200.0,32038431.0,14712,45.0,0,89.0,3.10,spectralnorm
100581136.484,3044388507.0,29001818.0,14628,45.0,0,89.0,3.10,spectralnorm
101770363.63,3051583619.0,29336595.0,14644,45.0,0,89.0,3.10,spectralnorm
109947705.313,3321387494.0,31663249.0,14596,45.0,0,89.0,3.10,spectralnorm
100973266.401,3058868634.0,29117845.0,14584,45.0,0,89.0,3.10,spectralnorm
99839458.377,3019144554.0,28796557.0,14708,45.0,0,89.0,3.10,spectralnorm
100528026.82,3030626397.0,28966357.0,14576,45.0,0,89.0,3.10,spectralnorm
79727197.942,2641645764.0,23774475.0,16064,45.0,0,89.0,3.11,spectralnorm
81680273.324,2635455717.0,23562623.0,16208,45.0,0,89.0,3.11,spectralnorm
77940605.584,2558193585.0,22490421.0,16256,45.0,0,89.0,3.11,spectralnorm
79061546.122,2558875163.0,22834475.0,16264,45.0,0,89.0,3.11,spectralnorm
78826537.363,2517670618.0,22777957.0,16180,45.0,0,89.0,3.11,spectralnorm
80146394.865,2628480636.0,23186769.0,16204,45.0,0,89.0,3.11,spectralnorm
78461227.408,2521467972.0,22735965.0,16160,45.0,0,89.0,3.11,spectralnorm
77719331.369,2500236946.0,22516238.0,16072,45.0,0,89.0,3.11,spectralnorm
86475889.984,2807618300.0,25008115.0,16224,45.0,0,89.0,3.11,spectralnorm
79268127.949,2564155118.0,22936648.0,16156,45.0,0,89.0,3.11,spectralnorm
99339274.751,3096005318.0,28638537.0,13944,45.0,0,89.0,3.6,spectralnorm
98574903.966,3064205351.0,28416370.0,13972,45.0,0,89.0,3.6,spectralnorm
97270993.031,3125809075.0,28040334.0,14004,45.0,0,89.0,3.6,spectralnorm
96772396.643,3155761147.0,27910085.0,13952,45.0,0,89.0,3.6,spectralnorm
99975972.543,3232892846.0,28811877.0,14004,45.0,0,89.0,3.6,spectralnorm
97071496.198,3135625823.0,27984303.0,13964,45.0,0,89.0,3.6,spectralnorm
97774701.49,3078597709.0,28193043.0,14076,45.0,0,89.0,3.6,spectralnorm
97671979.932,3131506022.0,28156971.0,13992,45.0,0,89.0,3.6,spectralnorm
98474652.087,3058036544.0,28396228.0,13968,45.0,0,89.0,3.6,spectralnorm
97070283.938,3128983872.0,27978688.0,13996,45.0,0,89.0,3.6,spectralnorm
93637472.485,3024792184.0,27033378.0,14420,45.0,0,89.0,3.7,spectralnorm
92963548.228,2994053248.0,26818840.0,14472,45.0,0,89.0,3.7,spectralnorm
92363759.853,3016509062.0,26670281.0,14464,45.0,0,88.0,3.7,spectralnorm
93066510.514,2992374053.0,26858635.0,14448,45.0,0,89.0,3.7,spectralnorm
92562713.199,2994608911.0,26707879.0,14388,45.0,0,89.0,3.7,spectralnorm
93165882.179,3014492099.0,26888115.0,14540,45.0,0,89.0,3.7,spectralnorm
94070420.06,2964908853.0,27156425.0,14420,45.0,0,89.0,3.7,spectralnorm
96067615.87,2935747550.0,27711782.0,14436,45.0,0,89.0,3.7,spectralnorm
94466565.524,2946750452.0,27256461.0,14496,45.0,0,89.0,3.7,spectralnorm
95468155.772,2975238599.0,27531363.0,14476,45.0,0,89.0,3.7,spectralnorm
118159957.224,3680817542.0,33991735.0,14268,45.0,0,89.0,3.5,spectralnorm
118098451.407,3828749781.0,33967870.0,14324,45.0,0,89.0,3.5,spectralnorm
118198115.007,3704343911.0,33988255.0,14280,45.0,0,89.0,3.5,spectralnorm
122405198.072,3931934026.0,35199007.0,14012,45.0,0,89.0,3.5,spectralnorm
117296141.58,3750577129.0,33726538.0,14308,45.0,0,89.0,3.5,spectralnorm
118102792.427,3667229320.0,33967076.0,14256,45.0,0,89.0,3.5,spectralnorm
121607620.961,3723415944.0,34954439.0,14236,45.0,0,89.0,3.5,spectralnorm
118000108.938,3691469736.0,33937169.0,14052,45.0,0,89.0,3.5,spectralnorm
118498524.04,3643935557.0,34094090.0,14216,45.0,0,89.0,3.5,spectralnorm
116096171.476,3733637415.0,33381018.0,14252,45.0,0,89.0,3.5,spectralnorm
109543579.151,3549685493.0,31422771.0,13908,45.0,0,89.0,3.4,spectralnorm
109185235.417,3500425181.0,31378216.0,13888,45.0,0,89.0,3.4,spectralnorm
109286450.124,3435946160.0,31390240.0,13952,45.0,0,89.0,3.4,spectralnorm
109583784.057,3554090328.0,31482585.0,13964,45.0,0,89.0,3.4,spectralnorm
108983012.047,3522459000.0,31351177.0,13844,45.0,0,89.0,3.4,spectralnorm
108683424.287,3512607279.0,31292217.0,13928,45.0,0,89.0,3.4,spectralnorm
108384743.394,3454889410.0,31259685.0,13868,45.0,0,89.0,3.4,spectralnorm
109788153.897,3440284894.0,31650493.0,13848,45.0,0,89.0,3.4,spectralnorm
108083915.434,3480985840.0,31173077.0,13940,45.0,0,89.0,3.4,spectralnorm
109987407.075,3429588266.0,31698284.0,13856,45.0,0,89.0,3.4,spectralnorm
98333668.38,3044660175.0,28364490.0,14384,45.0,0,89.0,3.9,spectralnorm
101219557.68,2940775553.0,29218431.0,14456,45.0,0,89.0,3.9,spectralnorm
99488343.916,2993350186.0,28686694.0,14520,45.0,0,89.0,3.9,spectralnorm
98976875.186,2986763106.0,28561512.0,14452,45.0,0,89.0,3.9,spectralnorm
99442810.884,2982486200.0,28669849.0,14516,45.0,0,89.0,3.9,spectralnorm
98840210.338,2996496785.0,28499622.0,14432,45.0,0,89.0,3.9,spectralnorm
98699948.323,2999243604.0,28461231.0,14428,45.0,0,89.0,3.9,spectralnorm
99248354.125,2991196994.0,28619800.0,14416,45.0,0,89.0,3.9,spectralnorm
98696498.107,3000242991.0,28454700.0,14460,45.0,0,89.0,3.9,spectralnorm
99406390.497,3016790189.0,28652454.0,14448,45.0,0,89.0,3.9,spectralnorm
99420446.338,3057844527.0,28694140.0,14468,45.0,0,89.0,3.8,spectralnorm
99270334.219,3074922487.0,28635119.0,14576,45.0,0,89.0,3.8,spectralnorm
99783266.9,3059793131.0,28776599.0,14576,45.0,0,89.0,3.8,spectralnorm
98806145.173,3072808967.0,28501270.0,14580,45.0,0,89.0,3.8,spectralnorm
98853923.858,3050550174.0,28509510.0,14512,45.0,0,89.0,3.8,spectralnorm
99708865.171,3078688652.0,28754321.0,14612,45.0,0,89.0,3.8,spectralnorm
101068122.637,3029782832.0,29150621.0,14564,45.0,0,89.0,3.8,spectralnorm
99021776.389,3087483491.0,28562000.0,14600,45.0,0,89.0,3.8,spectralnorm
105356257.373,3212979934.0,30361129.0,14584,45.0,0,89.0,3.8,spectralnorm
99607362.096,3024503854.0,28715929.0,14484,45.0,0,89.0,3.8,spectralnorm
393949762.86,7286052759.0,114621899.0,8716,45.0,0,89.0,3.8,nbody
392345112.983,7170194596.0,111053427.0,8568,45.0,0,89.0,3.8,nbody
393510093.338,7040677777.0,111706807.0,8656,45.0,0,89.0,3.8,nbody
399053783.923,7134152513.0,113377823.0,8804,45.0,0,89.0,3.8,nbody
397902520.588,6971330237.0,113128678.0,8740,45.0,0,89.0,3.8,nbody
392322851.136,7086342271.0,111669514.0,8648,45.0,0,89.0,3.8,nbody
404649991.643,6868979546.0,115316721.0,8724,45.0,0,89.0,3.8,nbody
402815857.927,6965322256.0,114800793.0,8724,45.0,0,89.0,3.8,nbody
392093940.043,7095444116.0,111770221.0,8732,45.0,0,89.0,3.8,nbody
395091451.525,7047919152.0,112529742.0,8704,45.0,0,89.0,3.8,nbody
430008484.552,7387118357.0,122500053.0,8972,45.0,0,89.0,3.9,nbody
428426965.316,7471897498.0,126052107.0,8940,45.0,0,89.0,3.9,nbody
421901184.412,7590194924.0,120670589.0,8912,45.0,0,89.0,3.9,nbody
422537805.547,7633229482.0,121126766.0,8940,45.0,0,89.0,3.9,nbody
435129980.903,7938302066.0,123958118.0,8796,45.0,0,89.0,3.9,nbody
429189851.044,7149238778.0,122272941.0,8892,45.0,0,89.0,3.9,nbody
443069221.2,7408602189.0,126205488.0,8964,45.0,0,89.0,3.9,nbody
430183048.939,7459506843.0,122555411.0,8884,45.0,0,89.0,3.9,nbody
450023575.31,7439435179.0,128200233.0,8856,45.0,0,88.0,3.9,nbody
431929881.012,7402840790.0,122990102.0,8976,45.0,0,89.0,3.9,nbody
366791780.302,6579559023.0,103607767.0,8352,45.0,0,89.0,3.4,nbody
366164157.68,6576580942.0,103426066.0,8316,45.0,0,89.0,3.4,nbody
377085630.258,6503693250.0,106510835.0,8364,45.0,0,89.0,3.4,nbody
367144399.291,6661058143.0,103703958.0,8360,45.0,0,89.0,3.4,nbody
366406105.315,6596404805.0,103496867.0,8348,45.0,0,89.0,3.4,nbody
367337423.153,6650752261.0,103767556.0,8372,45.0,0,89.0,3.4,nbody
375281353.82,6586405808.0,105995213.0,8380,45.0,0,89.0,3.4,nbody
385610236.953,6687940154.0,108910122.0,8320,45.0,0,89.0,3.4,nbody
374965763.008,6450527310.0,105922336.0,8316,45.0,0,89.0,3.4,nbody
376851765.543,6630180598.0,106400912.0,8360,45.0,0,89.0,3.4,nbody
372835301.51,6731265727.0,105311010.0,8648,45.0,0,89.0,3.5,nbody
384981759.247,6959388800.0,108721951.0,8704,45.0,0,89.0,3.5,nbody
372933999.113,6646915723.0,105328771.0,8748,45.0,0,89.0,3.5,nbody
373194088.942,6529816597.0,105401952.0,8720,45.0,0,89.0,3.5,nbody
380408294.028,6509886228.0,107437652.0,8692,45.0,0,89.0,3.5,nbody
375046890.696,6494479346.0,105924046.0,8652,45.0,0,89.0,3.5,nbody
370597973.639,6604810302.0,104675880.0,8732,45.0,0,89.0,3.5,nbody
385720568.227,6649094794.0,108933925.0,8680,45.0,0,89.0,3.5,nbody
376234853.34,6502203386.0,106272799.0,8740,45.0,0,89.0,3.5,nbody
379563657.899,6486274960.0,107153229.0,8772,45.0,0,89.0,3.5,nbody
366038330.394,6495957370.0,103390910.0,8384,45.0,0,89.0,3.7,nbody
361919057.799,6499925987.0,101996931.0,8444,45.0,0,89.0,3.7,nbody
365265522.95,6428891928.0,103161174.0,8424,45.0,0,89.0,3.7,nbody
363684663.497,6427307643.0,102729778.0,8328,45.0,0,89.0,3.7,nbody
367325567.105,6403620692.0,103747782.0,8360,45.0,0,89.0,3.7,nbody
365784842.328,6405618124.0,103319255.0,8300,45.0,0,89.0,3.7,nbody
372090691.87,6482015205.0,105095861.0,8440,45.0,0,89.0,3.7,nbody
362529019.611,6551420484.0,102401228.0,8348,45.0,0,89.0,3.7,nbody
364623418.154,6507414066.0,102991801.0,8356,45.0,0,89.0,3.7,nbody
378001811.286,6513153981.0,106714326.0,8384,45.0,0,89.0,3.7,nbody
364667051.381,6406982927.0,103008708.0,8200,45.0,0,89.0,3.6,nbody
374332131.342,6515870343.0,105730076.0,8336,45.0,0,89.0,3.6,nbody
361028581.34,6508953673.0,101977766.0,8340,45.0,0,89.0,3.6,nbody
362451962.693,6525771990.0,102385602.0,8256,45.0,0,89.0,3.6,nbody
369109612.89,6303127174.0,104261146.0,8292,45.0,0,89.0,3.6,nbody
370595075.502,6369361624.0,104682410.0,8340,45.0,0,89.0,3.6,nbody
360324594.818,6472677217.0,101781966.0,8252,45.0,0,88.0,3.6,nbody
361888042.549,6500607077.0,102229475.0,8244,45.0,0,89.0,3.6,nbody
369367077.304,6356031275.0,104333900.0,8312,45.0,0,89.0,3.6,nbody
366264415.245,6394020496.0,103423869.0,8248,45.0,0,89.0,3.6,nbody
480911100.805,8463938415.0,135760516.0,7808,45.0,0,89.0,3.0,nbody
489409407.555,8971123946.0,138149365.0,7808,45.0,0,89.0,3.0,nbody
469461072.059,8581898745.0,132527981.0,7836,45.0,0,89.0,3.0,nbody
475066164.453,8638596598.0,134118492.0,7784,45.0,0,88.0,3.0,nbody
484288545.758,8823458246.0,136712297.0,7828,45.0,0,88.0,3.0,nbody
469882154.623,8538740104.0,132657009.0,7764,45.0,0,89.0,3.0,nbody
473778286.396,8479605672.0,133751794.0,7824,45.0,0,89.0,3.0,nbody
480287542.797,8416029175.0,135587239.0,7780,45.0,0,89.0,3.0,nbody
470781145.239,8528424944.0,132915187.0,7772,45.0,0,88.0,3.0,nbody
468021328.668,8526443261.0,132069119.0,7776,45.0,0,89.0,3.0,nbody
419961599.248,6894059134.0,119650817.0,9600,45.0,0,89.0,3.10,nbody
411651357.405,6712405485.0,117279546.0,9656,45.0,0,89.0,3.10,nbody
408534344.829,7030726935.0,116395515.0,9696,45.0,0,89.0,3.10,nbody
413280898.37,6810056480.0,117757816.0,9676,45.0,0,89.0,3.10,nbody
401041827.941,6977312521.0,114271863.0,9724,45.0,0,89.0,3.10,nbody
412858586.097,6662493075.0,117635807.0,9660,45.0,0,89.0,3.10,nbody
404724571.846,7171726025.0,115322398.0,9644,45.0,0,89.0,3.10,nbody
410967543.988,6716370929.0,117098394.0,9652,45.0,0,89.0,3.10,nbody
403728337.832,6971767309.0,115047252.0,9668,45.0,0,89.0,3.10,nbody
402976540.244,7027749587.0,114776806.0,9632,45.0,0,89.0,3.10,nbody
365615735.682,6611856731.0,104733313.0,1597964,45.0,0,81.0,2.7,nbody
366750712.835,6625035225.0,105047704.0,1597924,45.0,0,84.0,2.7,nbody
366820551.707,6643270347.0,105069983.0,1598016,45.0,0,85.0,2.7,nbody
364647349.096,6567287936.0,104454445.0,1597968,45.0,0,82.0,2.7,nbody
365070947.411,6570294948.0,104572303.0,1597968,45.0,0,89.0,2.7,nbody
374353428.035,6510204220.0,107198701.0,1597948,45.0,0,89.0,2.7,nbody
373580877.119,6451057765.0,106967926.0,1597988,45.0,0,81.0,2.7,nbody
368438472.186,6394476611.0,105518285.0,1597960,45.0,0,89.0,2.7,nbody
368219642.541,6512952382.0,105464391.0,1597956,45.0,0,89.0,2.7,nbody
367605498.834,6486624080.0,105248388.0,1598056,45.0,0,82.0,2.7,nbody
451818565.045,8121708639.0,129126501.0,1597204,45.0,0,89.0,2.6,nbody
444668426.937,8188403537.0,126263532.0,1596988,45.0,0,85.0,2.6,nbody
457294169.514,8081425173.0,130110507.0,1596960,45.0,0,88.0,2.6,nbody
444649359.207,8137439129.0,126429852.0,1596968,45.0,0,84.0,2.6,nbody
454697870.384,8012798701.0,129605442.0,1596972,45.0,0,86.0,2.6,nbody
454717150.57,7990962881.0,129769382.0,1596964,45.0,0,86.0,2.6,nbody
448220215.652,8180436334.0,128105568.0,1596960,45.0,0,89.0,2.6,nbody
449394727.886,8012377132.0,128390235.0,1597000,45.0,0,89.0,2.6,nbody
445954288.292,8113074201.0,127450540.0,1597004,45.0,0,88.0,2.6,nbody
446345227.431,7938752931.0,127444071.0,1597000,45.0,0,89.0,2.6,nbody
235937043.115,3931179572.0,67347362.0,9944,45.0,0,89.0,3.11,nbody
238064196.899,3802625397.0,67941965.0,9972,45.0,0,89.0,3.11,nbody
244494430.432,4098343634.0,69768071.0,9940,45.0,0,89.0,3.11,nbody
232031458.624,4082449449.0,66228773.0,10072,45.0,0,89.0,3.11,nbody
235539879.645,4080193290.0,67220775.0,10052,45.0,0,89.0,3.11,nbody
236092023.365,4063550327.0,67373912.0,10056,45.0,0,89.0,3.11,nbody
236019517.299,3951248979.0,67354503.0,10020,45.0,0,89.0,3.11,nbody
231927582.515,4024430615.0,66188918.0,10064,45.0,0,89.0,3.11,nbody
239125069.649,3854986225.0,68241219.0,9748,45.0,0,89.0,3.11,nbody
240618978.334,3880188858.0,68631721.0,9972,45.0,0,89.0,3.11,nbody
7424028.7,165840456.0,3031913.0,461464,45.0,0,73.0,3.8,regexredux
7355953.305,163975105.0,2990654.0,461488,45.0,0,71.0,3.8,regexredux
7340264.401,165339787.0,2980767.0,461460,45.0,0,71.0,3.8,regexredux
7378286.536,165676456.0,3002861.0,461516,45.0,0,72.0,3.8,regexredux
7359237.061,165592655.0,2993156.0,461484,45.0,0,71.0,3.8,regexredux
7356939.695,164705572.0,2989616.0,461552,45.0,0,71.0,3.8,regexredux
7365926.704,164394354.0,2994987.0,461468,45.0,0,71.0,3.8,regexredux
7392589.734,166076784.0,3005303.0,461452,45.0,0,71.0,3.8,regexredux
7333952.676,165709475.0,2983513.0,461456,45.0,0,72.0,3.8,regexredux
7333905.176,164980840.0,2991753.0,461568,45.0,0,72.0,3.8,regexredux
7565570.779,167169738.0,3045829.0,461328,45.0,0,75.0,3.9,regexredux
7484788.501,167536742.0,3020378.0,461332,45.0,0,73.0,3.9,regexredux
7493592.89,166503602.0,3030204.0,461388,45.0,0,73.0,3.9,regexredux
7513257.387,166483827.0,3032463.0,461340,45.0,0,73.0,3.9,regexredux
7483744.352,165374089.0,3024467.0,461344,45.0,0,72.0,3.9,regexredux
7521924.444,169180536.0,3034355.0,461544,45.0,0,73.0,3.9,regexredux
7506967.755,167940610.0,3035759.0,461384,45.0,0,72.0,3.9,regexredux
7514743.131,166536317.0,3042045.0,461340,45.0,0,73.0,3.9,regexredux
7490729.373,166111391.0,3028434.0,461332,45.0,0,73.0,3.9,regexredux
7494982.723,166521302.0,3021721.0,461392,45.0,0,74.0,3.9,regexredux
7377710.329,166352357.0,2977959.0,459312,45.0,0,72.0,3.10,regexredux
7373250.959,165511539.0,3064079.0,459268,45.0,0,72.0,3.10,regexredux
7435797.788,166162111.0,3043449.0,459204,45.0,0,73.0,3.10,regexredux
7400919.232,166719666.0,2990288.0,459272,45.0,0,73.0,3.10,regexredux
7409358.769,165718081.0,2991264.0,459276,45.0,0,72.0,3.10,regexredux
7420993.629,167346129.0,2992790.0,459376,45.0,0,73.0,3.10,regexredux
7369736.832,164377631.0,2974846.0,459368,45.0,0,72.0,3.10,regexredux
7410642.559,167385985.0,2987480.0,459400,45.0,0,72.0,3.10,regexredux
7393881.313,166907349.0,2977104.0,459316,45.0,0,73.0,3.10,regexredux
7454187.591,166969544.0,3016899.0,459296,45.0,0,73.0,3.10,regexredux
6836685.01,148125719.0,2814384.0,461092,45.0,0,72.0,3.11,regexredux
6823978.056,147880175.0,2801690.0,461048,45.0,0,73.0,3.11,regexredux
6855287.484,148359117.0,2817864.0,461100,45.0,0,71.0,3.11,regexredux
6817507.296,147530994.0,2807122.0,460996,45.0,0,73.0,3.11,regexredux
6841125.73,148462022.0,2824455.0,461084,45.0,0,72.0,3.11,regexredux
6823610.022,147791675.0,2813286.0,460976,45.0,0,73.0,3.11,regexredux
6856588.293,148567185.0,2825188.0,461024,45.0,0,72.0,3.11,regexredux
6857829.053,147839465.0,2824028.0,460936,45.0,0,73.0,3.11,regexredux
6863192.868,148716050.0,2825432.0,461000,45.0,0,73.0,3.11,regexredux
6885502.28,149189072.0,2832390.0,461052,45.0,0,73.0,3.11,regexredux
6593691.803,146375053.0,2520746.0,424916,45.0,0,72.0,2.7,regexredux
6721116.109,150312359.0,2555047.0,424896,45.0,0,72.0,2.7,regexredux
6462953.305,145583428.0,2481439.0,424908,45.0,0,72.0,2.7,regexredux
6535710.508,147044424.0,2498041.0,424916,45.0,0,73.0,2.7,regexredux
6517773.137,147100392.0,2493158.0,424928,45.0,0,73.0,2.7,regexredux
6522411.993,146203971.0,2499322.0,424848,45.0,0,74.0,2.7,regexredux
6516668.289,146330680.0,2502374.0,424900,45.0,0,72.0,2.7,regexredux
6521485.773,146232352.0,2491815.0,424904,45.0,0,74.0,2.7,regexredux
6491853.88,147400441.0,2485284.0,424928,45.0,0,74.0,2.7,regexredux
6490647.17,146690115.0,2489130.0,424876,45.0,0,73.0,2.7,regexredux
6556952.793,145450433.0,2585565.0,381332,45.0,0,74.0,2.6,regexredux
6368461.148,144726009.0,2510247.0,381324,45.0,0,73.0,2.6,regexredux
6461270.352,146454887.0,2542352.0,381316,45.0,0,74.0,2.6,regexredux
6394762.371,145732720.0,2519769.0,381316,45.0,0,74.0,2.6,regexredux
6369590.705,145654473.0,2506220.0,381360,45.0,0,74.0,2.6,regexredux
6416497.646,145297480.0,2526910.0,381384,45.0,0,73.0,2.6,regexredux
6399400.992,144775448.0,2525994.0,381368,45.0,0,72.0,2.6,regexredux
6389201.614,144666377.0,2518182.0,381332,45.0,0,74.0,2.6,regexredux
6420458.963,145173335.0,2531122.0,381324,45.0,0,72.0,2.6,regexredux
6432438.077,145777092.0,2531183.0,381336,45.0,0,73.0,2.6,regexredux
7316905.58,158670736.0,3126029.0,622648,45.0,0,74.0,3.0,regexredux
7316687.322,159419270.0,3129631.0,622644,45.0,0,75.0,3.0,regexredux
7314673.138,158723531.0,3120963.0,622640,45.0,0,75.0,3.0,regexredux
7324161.535,159317402.0,3124809.0,622676,45.0,0,76.0,3.0,regexredux
7325958.319,159258930.0,3125053.0,622660,45.0,0,73.0,3.0,regexredux
7298813.081,158955953.0,3111503.0,622620,45.0,0,75.0,3.0,regexredux
7325693.461,158891806.0,3128288.0,622720,45.0,0,75.0,3.0,regexredux
7313778.241,159177815.0,3120536.0,622688,45.0,0,75.0,3.0,regexredux
7347470.454,158797567.0,3149712.0,622624,45.0,0,74.0,3.0,regexredux
7322720.338,158058555.0,3136588.0,622668,45.0,0,75.0,3.0,regexredux
7370592.06,161014054.0,3000542.0,461440,45.0,0,70.0,3.7,regexredux
7329957.851,158917562.0,2997123.0,461364,45.0,0,70.0,3.7,regexredux
7402891.71,161374526.0,3025078.0,461392,45.0,0,70.0,3.7,regexredux
7321032.371,159137960.0,2994194.0,461392,45.0,0,72.0,3.7,regexredux
7409648.927,160960647.0,3035698.0,461376,45.0,0,70.0,3.7,regexredux
7388410.334,160819290.0,3017326.0,461404,45.0,0,71.0,3.7,regexredux
7337605.741,160609757.0,3009514.0,461496,45.0,0,70.0,3.7,regexredux
7406183.471,160815995.0,3002861.0,461424,45.0,0,71.0,3.7,regexredux
7391718.649,160692277.0,2999016.0,461384,45.0,0,70.0,3.7,regexredux
7337060.942,159761981.0,2987541.0,461392,45.0,0,70.0,3.7,regexredux
7457477.443,164575934.0,3030083.0,446588,45.0,0,72.0,3.6,regexredux
7460145.689,164806524.0,3045098.0,446612,45.0,0,70.0,3.6,regexredux
7474858.478,164551947.0,3013115.0,446596,45.0,0,70.0,3.6,regexredux
7438816.974,163472970.0,3014885.0,446528,45.0,0,71.0,3.6,regexredux
7457038.629,163956368.0,3046317.0,446532,45.0,0,70.0,3.6,regexredux
7490725.048,164845281.0,3022697.0,446600,45.0,0,71.0,3.6,regexredux
7480752.115,164419623.0,3026420.0,446524,45.0,0,71.0,3.6,regexredux
7520675.198,165267094.0,3045463.0,446576,45.0,0,71.0,3.6,regexredux
7450697.224,163726692.0,3043144.0,446552,45.0,0,70.0,3.6,regexredux
7676081.233,167435423.0,3107658.0,446572,45.0,0,72.0,3.6,regexredux
6516188.592,149477706.0,2393427.0,446344,45.0,0,73.0,3.4,regexredux
6301189.881,145529474.0,2276117.0,374892,45.0,0,73.0,3.4,regexredux
6227553.306,144084531.0,2286127.0,374748,45.0,0,74.0,3.4,regexredux
6392917.099,148147692.0,2351557.0,446316,45.0,0,74.0,3.4,regexredux
6266633.216,145961358.0,2305231.0,374860,45.0,0,74.0,3.4,regexredux
6720673.029,153810336.0,2726128.0,420132,45.0,0,70.0,3.4,regexredux
6987504.099,155696501.0,2710198.0,460304,45.0,0,64.0,3.4,regexredux
6450068.885,148453905.0,2432978.0,447116,45.0,0,73.0,3.4,regexredux
6273726.809,143892576.0,2376886.0,387092,45.0,0,75.0,3.4,regexredux
7231164.484,159043905.0,2866326.0,420144,45.0,0,72.0,3.4,regexredux
6428258.44,148437181.0,2406183.0,446576,45.0,0,76.0,3.5,regexredux
7464315.794,164161079.0,2995842.0,449800,45.0,0,70.0,3.5,regexredux
7080246.978,158973348.0,2770745.0,449748,45.0,0,70.0,3.5,regexredux
7178884.149,159351093.0,2802239.0,446640,45.0,0,72.0,3.5,regexredux
6331414.604,145921136.0,2380487.0,391864,45.0,0,74.0,3.5,regexredux
7011818.416,158445761.0,2758354.0,446744,45.0,0,66.0,3.5,regexredux
6359862.635,146714346.0,2412592.0,391968,45.0,0,75.0,3.5,regexredux
6953446.966,157267298.0,2699822.0,460624,45.0,0,75.0,3.5,regexredux
6081253.754,143093445.0,2295344.0,395528,45.0,0,72.0,3.5,regexredux
6390457.696,148582383.0,2352899.0,446932,45.0,0,76.0,3.5,regexredux
2935521.53,37750087.0,1965205.0,1011112,45.0,0,68.0,3.6,revcomp
2938551.252,37367397.0,1968867.0,1011016,45.0,0,67.0,3.6,revcomp
2940763.467,37395839.0,1971918.0,1011084,45.0,0,69.0,3.6,revcomp
2926385.898,37545253.0,1963741.0,1011096,45.0,0,69.0,3.6,revcomp
2944853.173,36875761.0,1971735.0,1011124,45.0,0,68.0,3.6,revcomp
2927966.882,37772608.0,1962825.0,1011108,45.0,0,67.0,3.6,revcomp
2922509.285,37676417.0,1958613.0,1011116,45.0,0,68.0,3.6,revcomp
2927775.846,37508326.0,1960444.0,1011084,45.0,0,68.0,3.6,revcomp
2936414.514,37602687.0,1966730.0,1011092,45.0,0,68.0,3.6,revcomp
2941928.988,37545864.0,1967524.0,1011092,45.0,0,68.0,3.6,revcomp
2829430.017,35698212.0,1931879.0,1011036,45.0,0,69.0,3.7,revcomp
2844478.521,35105135.0,1935664.0,1011056,45.0,0,69.0,3.7,revcomp
2835272.349,35613068.0,1934688.0,1011028,45.0,0,68.0,3.7,revcomp
2829374.652,35527558.0,1929621.0,1011064,45.0,0,69.0,3.7,revcomp
2816235.622,35840301.0,1925411.0,1011008,45.0,0,69.0,3.7,revcomp
2864095.448,35562042.0,1951289.0,1011032,45.0,0,68.0,3.7,revcomp
2848115.775,35479035.0,1940974.0,1011036,45.0,0,68.0,3.7,revcomp
2864919.114,35275240.0,1951900.0,1011040,45.0,0,68.0,3.7,revcomp
2845906.304,34926302.0,1937373.0,1011052,45.0,0,69.0,3.7,revcomp
2852562.557,35054781.0,1942134.0,1011020,45.0,0,68.0,3.7,revcomp
2919058.232,37859400.0,1961116.0,1011344,45.0,0,68.0,3.5,revcomp
2906290.224,37896204.0,1950983.0,1011308,45.0,0,67.0,3.5,revcomp
2915293.094,37602748.0,1955074.0,1011304,45.0,0,68.0,3.5,revcomp
2924292.511,37692409.0,1957454.0,1011348,45.0,0,68.0,3.5,revcomp
2923917.843,37283413.0,1959284.0,1011336,45.0,0,67.0,3.5,revcomp
2921028.507,37141019.0,1959406.0,1011252,45.0,0,67.0,3.5,revcomp
2932705.09,37074429.0,1970515.0,1011328,45.0,0,67.0,3.5,revcomp
2930141.177,37601344.0,1962886.0,1011292,45.0,0,68.0,3.5,revcomp
2902098.433,37710719.0,1949702.0,1011296,45.0,0,68.0,3.5,revcomp
2918212.648,37384731.0,1956416.0,1011332,45.0,0,68.0,3.5,revcomp
3071804.598,39979328.0,2070979.0,1010904,45.0,0,71.0,3.4,revcomp
2976742.754,38108545.0,1984736.0,1010948,45.0,0,72.0,3.4,revcomp
2975776.032,38004725.0,1981807.0,1010960,45.0,0,72.0,3.4,revcomp
2961689.561,37661097.0,1974116.0,1010960,45.0,0,69.0,3.4,revcomp
2980997.253,37418972.0,1984248.0,1010948,45.0,0,68.0,3.4,revcomp
2945196.427,38118249.0,1969844.0,1010956,45.0,0,69.0,3.4,revcomp
2957613.724,37892848.0,1974299.0,1010928,45.0,0,69.0,3.4,revcomp
2964270.847,37937036.0,1975032.0,1010960,45.0,0,69.0,3.4,revcomp
2968858.479,37866969.0,1977778.0,1010964,45.0,0,69.0,3.4,revcomp
2970580.329,37881678.0,1984126.0,1010960,45.0,0,69.0,3.4,revcomp
2829188.237,35484772.0,1931636.0,1011396,45.0,0,67.0,3.9,revcomp
2810644.25,35134736.0,1926448.0,1011356,45.0,0,68.0,3.9,revcomp
2807057.403,35689118.0,1923701.0,1011360,45.0,0,68.0,3.9,revcomp
2824779.321,35068148.0,1933284.0,1011344,45.0,0,68.0,3.9,revcomp
2856751.15,35464692.0,1939265.0,1011376,45.0,0,68.0,3.9,revcomp
2795112.613,35497346.0,1919123.0,1011320,45.0,0,67.0,3.9,revcomp
2798229.011,35457795.0,1919673.0,1011252,45.0,0,68.0,3.9,revcomp
2808632.586,35499359.0,1923091.0,1011256,45.0,0,69.0,3.9,revcomp
2807042.388,35276338.0,1924616.0,1011364,45.0,0,68.0,3.9,revcomp
2828061.866,34777865.0,1940791.0,1011200,45.0,0,68.0,3.9,revcomp
2734869.525,34290378.0,1901240.0,1011248,45.0,0,69.0,3.8,revcomp
2758064.311,34147495.0,1911616.0,1011252,45.0,0,69.0,3.8,revcomp
2782564.315,34636203.0,1910273.0,1011208,45.0,0,68.0,3.8,revcomp
2740840.306,34342808.0,1899287.0,1011216,45.0,0,69.0,3.8,revcomp
2756929.958,34004491.0,1910152.0,1011204,45.0,0,68.0,3.8,revcomp
2760939.127,33832982.0,1910518.0,1011228,45.0,0,68.0,3.8,revcomp
2744767.855,33884251.0,1903316.0,1011240,45.0,0,69.0,3.8,revcomp
2753854.733,34065038.0,1906123.0,1011232,45.0,0,68.0,3.8,revcomp
2737252.898,34322666.0,1899532.0,1011208,45.0,0,67.0,3.8,revcomp
2741584.581,34139866.0,1900020.0,1011204,45.0,0,67.0,3.8,revcomp
2711766.177,33342138.0,1886836.0,1007540,45.0,0,66.0,3.10,revcomp
2705786.909,33216406.0,1891292.0,1007536,45.0,0,68.0,3.10,revcomp
2707146.502,33492407.0,1885859.0,1007496,45.0,0,67.0,3.10,revcomp
2699563.929,33874730.0,1892452.0,1007504,45.0,0,67.0,3.10,revcomp
2689622.725,33831029.0,1876582.0,1007576,45.0,0,67.0,3.10,revcomp
2696525.383,33931188.0,1881587.0,1007484,45.0,0,67.0,3.10,revcomp
2699122.433,33998204.0,1880854.0,1007492,45.0,0,67.0,3.10,revcomp
2704173.17,33377844.0,1884821.0,1007444,45.0,0,67.0,3.10,revcomp
2713533.549,33500098.0,1888057.0,1007468,45.0,0,66.0,3.10,revcomp
2698706.646,33505163.0,1884517.0,1007540,45.0,0,67.0,3.10,revcomp
2808934.409,34975436.0,1920955.0,1007840,45.0,0,68.0,3.11,revcomp
2805647.045,34808383.0,1920955.0,1007860,45.0,0,68.0,3.11,revcomp
2813075.147,35630279.0,1916438.0,1007864,45.0,0,69.0,3.11,revcomp
2789481.149,35207063.0,1910823.0,1007856,45.0,0,68.0,3.11,revcomp
2810424.693,35363008.0,1916804.0,1007812,45.0,0,68.0,3.11,revcomp
2807347.884,35274080.0,1918574.0,1007848,45.0,0,68.0,3.11,revcomp
2839311.788,35307100.0,1937129.0,1007812,45.0,0,67.0,3.11,revcomp
2804211.295,34980318.0,1923334.0,1007804,45.0,0,67.0,3.11,revcomp
2835241.374,34891452.0,1938411.0,1007828,45.0,0,68.0,3.11,revcomp
2775059.336,35783295.0,1905452.0,1007856,45.0,0,68.0,3.11,revcomp
156290753.39,4529420106.0,44426400.0,13016,45.0,0,89.0,3.7,mandelbrot
156408488.528,4507897335.0,44441170.0,13008,45.0,0,89.0,3.7,mandelbrot
155189326.627,4527155281.0,44101632.0,13068,45.0,0,89.0,3.7,mandelbrot
155988942.25,4513988689.0,44338814.0,13012,45.0,0,89.0,3.7,mandelbrot
154588744.686,4505660219.0,43945750.0,12964,45.0,0,89.0,3.7,mandelbrot
156091032.397,4515204322.0,44393074.0,13044,45.0,0,89.0,3.7,mandelbrot
155791685.814,4472425380.0,44278085.0,12952,45.0,0,89.0,3.7,mandelbrot
155891927.987,4555842097.0,44325631.0,12924,45.0,0,89.0,3.7,mandelbrot
156305576.662,4527110664.0,44424264.0,13008,45.0,0,89.0,3.7,mandelbrot
157511946.671,4550925850.0,44740242.0,12952,45.0,0,89.0,3.7,mandelbrot
151286203.603,4370144085.0,43011975.0,12688,45.0,0,89.0,3.6,mandelbrot
151488302.286,4360301399.0,43094128.0,12668,45.0,0,89.0,3.6,mandelbrot
152706587.697,4428215348.0,43424815.0,12660,45.0,0,89.0,3.6,mandelbrot
150089219.811,4412478999.0,42687390.0,12700,45.0,0,89.0,3.6,mandelbrot
151586939.266,4391196828.0,43105236.0,12728,45.0,0,89.0,3.6,mandelbrot
151707702.777,4402084616.0,43145520.0,12672,45.0,0,89.0,3.6,mandelbrot
151085085.251,4441410566.0,42955639.0,12668,45.0,0,89.0,3.6,mandelbrot
151786984.29,4439691271.0,43160046.0,12716,45.0,0,89.0,3.6,mandelbrot
151011253.84,4345036179.0,42929151.0,12708,45.0,0,89.0,3.6,mandelbrot
150486018.231,4355661152.0,42769482.0,12688,45.0,0,89.0,3.6,mandelbrot
152133999.63,4592532128.0,42909008.0,12480,43.0,0,89.0,3.4,mandelbrot
151259796.083,4539738073.0,42811597.0,12504,45.0,0,89.0,3.4,mandelbrot
149553929.168,4641180867.0,42363478.0,12520,45.0,0,89.0,3.4,mandelbrot
152865491.749,4485782095.0,43353587.0,12512,45.0,0,89.0,3.4,mandelbrot
153062446.869,4481315249.0,43438121.0,12460,45.0,0,89.0,3.4,mandelbrot
151960850.799,4489856609.0,43171764.0,12432,45.0,0,89.0,3.4,mandelbrot
153861915.787,4432575505.0,43816600.0,12532,45.0,0,89.0,3.4,mandelbrot
152086204.743,4452169022.0,43263744.0,12476,45.0,0,89.0,3.4,mandelbrot
154188645.962,4434191285.0,43874338.0,12456,45.0,0,89.0,3.4,mandelbrot
152702876.32,4453161513.0,43419688.0,12492,45.0,0,89.0,3.4,mandelbrot
160690366.037,4700006400.0,45673101.0,12824,45.0,0,89.0,3.5,mandelbrot
162407564.908,4690141253.0,46154789.0,12828,45.0,0,89.0,3.5,mandelbrot
161300868.747,4746447810.0,45834356.0,12808,45.0,0,89.0,3.5,mandelbrot
163003573.334,4694609137.0,46319340.0,12852,45.0,0,89.0,3.5,mandelbrot
162604139.439,4705152322.0,46193912.0,12884,45.0,0,89.0,3.5,mandelbrot
163610187.352,4715389051.0,46515750.0,12788,45.0,0,89.0,3.5,mandelbrot
161707167.581,4752693033.0,45978276.0,12788,45.0,0,89.0,3.5,mandelbrot
162703063.964,4680972880.0,46257999.0,12872,45.0,0,89.0,3.5,mandelbrot
163006344.808,4699312798.0,46328800.0,12824,45.0,0,89.0,3.5,mandelbrot
162620729.365,4687320398.0,46179508.0,12852,45.0,0,89.0,3.5,mandelbrot
155746060.757,4811086195.0,44676277.0,13200,45.0,0,89.0,3.10,mandelbrot
156244207.424,4897651036.0,44816963.0,13228,45.0,0,88.0,3.10,mandelbrot
157792250.279,4911370362.0,45257880.0,13284,45.0,0,89.0,3.10,mandelbrot
155778231.48,4851266877.0,44688667.0,13176,45.0,0,89.0,3.10,mandelbrot
156577414.109,4878541588.0,44913826.0,13184,45.0,0,89.0,3.10,mandelbrot
156092872.491,4881004106.0,44782050.0,13232,45.0,0,89.0,3.10,mandelbrot
156920424.375,4880428790.0,45027778.0,13140,45.0,0,89.0,3.10,mandelbrot
156630433.926,4867566884.0,44934150.0,13208,45.0,0,88.0,3.10,mandelbrot
157578638.343,4905846083.0,45202033.0,13156,45.0,0,89.0,3.10,mandelbrot
156232373.75,4852073699.0,44797798.0,13248,45.0,0,89.0,3.10,mandelbrot
143663343.968,4494665373.0,41227677.0,14892,45.0,0,89.0,3.11,mandelbrot
147800806.967,4620378613.0,42399611.0,14820,45.0,0,89.0,3.11,mandelbrot
147639945.615,4584461531.0,42362990.0,14800,45.0,0,89.0,3.11,mandelbrot
147820179.321,4682376135.0,42413039.0,14880,45.0,0,88.0,3.11,mandelbrot
148701225.953,4622152535.0,42665418.0,14892,45.0,0,88.0,3.11,mandelbrot
146921616.412,4655326950.0,42176650.0,14848,45.0,0,89.0,3.11,mandelbrot
148420789.744,4669327097.0,42583326.0,14812,45.0,0,89.0,3.11,mandelbrot
152483468.035,4542760648.0,43783457.0,14872,45.0,0,88.0,3.11,mandelbrot
149816697.619,4455434700.0,42963941.0,14836,45.0,0,88.0,3.11,mandelbrot
152308388.09,4518855558.0,43667796.0,14828,45.0,0,89.0,3.11,mandelbrot
156218871.215,4599207220.0,44445565.0,12956,45.0,0,89.0,3.8,mandelbrot
157186504.952,4624763979.0,44716255.0,12896,45.0,0,89.0,3.8,mandelbrot
155861727.465,4594613360.0,44349496.0,12904,45.0,0,89.0,3.8,mandelbrot
158086361.609,4595845595.0,44977607.0,12964,45.0,0,89.0,3.8,mandelbrot
156986488.448,4547855789.0,44679085.0,12976,45.0,0,89.0,3.8,mandelbrot
155863460.014,4646742927.0,44351144.0,12952,45.0,0,89.0,3.8,mandelbrot
155202952.356,4671318547.0,44161264.0,13016,45.0,0,89.0,3.8,mandelbrot
155027466.703,4672664552.0,44105600.0,12984,45.0,0,89.0,3.8,mandelbrot
153476635.229,4625464843.0,43699046.0,12996,45.0,0,89.0,3.8,mandelbrot
154745599.233,4668056287.0,43998666.0,12980,45.0,0,89.0,3.8,mandelbrot
154285978.118,4896012186.0,44061899.0,12944,45.0,0,89.0,3.9,mandelbrot
154766939.513,4869770736.0,44216501.0,12916,45.0,0,89.0,3.9,mandelbrot
155363579.134,4868193409.0,44673103.0,12932,45.0,0,89.0,3.9,mandelbrot
154091359.418,4839197207.0,44095407.0,12916,45.0,0,89.0,3.9,mandelbrot
154973187.697,4822488875.0,44381540.0,12924,45.0,0,89.0,3.9,mandelbrot
155510622.558,4777647987.0,44592537.0,12924,45.0,0,89.0,3.9,mandelbrot
155160283.833,4798369247.0,44541451.0,12920,45.0,0,89.0,3.9,mandelbrot
154976820.367,4831343650.0,44484444.0,12960,45.0,0,88.0,3.9,mandelbrot
155476342.468,4881109147.0,44631661.0,12940,45.0,0,89.0,3.9,mandelbrot
153891992.866,4815715150.0,44130929.0,12948,45.0,0,89.0,3.9,mandelbrot
57671572.492,996999645.0,16526386.0,8224,45.0,0,86.0,3.6,fasta
57687068.053,998394355.0,16530780.0,8176,45.0,0,86.0,3.6,fasta
57763286.839,1007612289.0,16552754.0,8288,45.0,0,86.0,3.6,fasta
57706657.899,1008394513.0,16536090.0,8236,45.0,0,86.0,3.6,fasta
57693034.289,987066077.0,16531940.0,8316,45.0,0,85.0,3.6,fasta
57805101.135,1013020600.0,16564655.0,8232,45.0,0,86.0,3.6,fasta
57755569.982,993783588.0,16550738.0,8292,45.0,0,87.0,3.6,fasta
57803992.147,1003795648.0,16564960.0,8204,45.0,0,87.0,3.6,fasta
57714805.291,990079009.0,16537983.0,8220,45.0,0,87.0,3.6,fasta
57719655.318,1005056875.0,16539570.0,8276,45.0,0,85.0,3.6,fasta
59467297.25,1020081678.0,17041643.0,8304,45.0,0,85.0,3.7,fasta
59811342.88,1025960508.0,17139483.0,8320,45.0,0,86.0,3.7,fasta
59458728.412,1027372981.0,17038164.0,8312,45.0,0,87.0,3.7,fasta
59468209.23,1014782985.0,17040118.0,8264,45.0,0,84.0,3.7,fasta
59665177.678,1026357846.0,17098039.0,8288,45.0,0,84.0,3.7,fasta
59512864.501,1028790884.0,17054583.0,8372,45.0,0,86.0,3.7,fasta
59481746.132,1024449831.0,17045000.0,8284,45.0,0,87.0,3.7,fasta
59524379.171,1029237416.0,17056964.0,8296,45.0,0,85.0,3.7,fasta
59459771.809,1033089701.0,17037737.0,8276,45.0,0,86.0,3.7,fasta
59483845.653,1030965318.0,17044878.0,8360,45.0,0,86.0,3.7,fasta
58240056.602,1009319682.0,16689167.0,8688,45.0,0,87.0,3.5,fasta
58222797.082,1008995770.0,16685870.0,8588,45.0,0,87.0,3.5,fasta
58175992.771,1004732352.0,16670917.0,8632,45.0,0,86.0,3.5,fasta
58052197.354,1004548393.0,16634662.0,8592,45.0,0,84.0,3.5,fasta
58018106.781,1007514145.0,16626423.0,8588,45.0,0,86.0,3.5,fasta
58432725.346,1004758842.0,16741352.0,8556,45.0,0,85.0,3.5,fasta
57963541.514,1009273417.0,16608600.0,8664,45.0,0,86.0,3.5,fasta
57856562.619,994659136.0,16579120.0,8608,45.0,0,85.0,3.5,fasta
57955730.357,1014327665.0,16607196.0,8592,45.0,0,85.0,3.5,fasta
59131084.429,1020971873.0,16943438.0,8604,45.0,0,84.0,3.5,fasta
57210440.928,996085890.0,16396199.0,8256,45.0,0,85.0,3.4,fasta
57280755.267,997852548.0,16413899.0,8220,45.0,0,85.0,3.4,fasta
57310424.269,991050137.0,16422749.0,8244,45.0,0,86.0,3.4,fasta
57472693.253,993245870.0,16469867.0,8216,45.0,0,86.0,3.4,fasta
57189950.124,983231553.0,16388935.0,8296,45.0,0,86.0,3.4,fasta
57428175.09,991770410.0,16458026.0,8184,45.0,0,86.0,3.4,fasta
58266641.543,1001877990.0,16696002.0,8204,45.0,0,86.0,3.4,fasta
57187005.806,986940039.0,16387165.0,8220,45.0,0,85.0,3.4,fasta
57235944.163,985675638.0,16401691.0,8248,45.0,0,84.0,3.4,fasta
57308094.584,997069408.0,16422260.0,8220,45.0,0,85.0,3.4,fasta
67063152.068,1159607017.0,19216564.0,7748,45.0,0,85.0,3.0,fasta
67289585.447,1165741278.0,19283215.0,7660,45.0,0,84.0,3.0,fasta
67159546.767,1168725524.0,19243969.0,7696,45.0,0,85.0,3.0,fasta
66963230.871,1160693256.0,19191480.0,7740,45.0,0,86.0,3.0,fasta
66732959.381,1165413154.0,19122205.0,7744,45.0,0,86.0,3.0,fasta
67054616.503,1158041347.0,19213940.0,7676,45.0,0,84.0,3.0,fasta
67175288.632,1168307922.0,19251843.0,7688,45.0,0,85.0,3.0,fasta
67194959.461,1168274536.0,19253979.0,7696,45.0,0,87.0,3.0,fasta
66734602.003,1152924966.0,19123303.0,7680,45.0,0,85.0,3.0,fasta
66992502.805,1169363950.0,19198803.0,7696,45.0,0,85.0,3.0,fasta
47328134.95,806788035.0,13563869.0,8784,45.0,0,86.0,3.9,fasta
48043294.269,820437719.0,13768459.0,8768,45.0,0,86.0,3.9,fasta
47067315.853,797122959.0,13488368.0,8768,45.0,0,86.0,3.9,fasta
47290461.036,808173895.0,13551967.0,8660,45.0,0,83.0,3.9,fasta
48511040.128,824359889.0,13898036.0,8800,45.0,0,85.0,3.9,fasta
47091121.994,798611054.0,13494960.0,8760,45.0,0,86.0,3.9,fasta
47207801.635,815001515.0,13529750.0,8676,45.0,0,85.0,3.9,fasta
47074064.685,804229082.0,13490321.0,8772,45.0,0,85.0,3.9,fasta
47478716.638,812479121.0,13603115.0,8752,45.0,0,84.0,3.9,fasta
47043535.865,798537445.0,13482692.0,8684,45.0,0,84.0,3.9,fasta
52716920.914,919515773.0,15108054.0,8408,45.0,0,86.0,3.8,fasta
52557392.777,915544470.0,15061790.0,8400,45.0,0,85.0,3.8,fasta
52421275.301,907749751.0,15023155.0,8416,45.0,0,85.0,3.8,fasta
52394936.145,906323241.0,15016624.0,8380,45.0,0,87.0,3.8,fasta
52416764.783,904952579.0,15020287.0,8400,45.0,0,84.0,3.8,fasta
52503849.255,905235903.0,15043663.0,8432,45.0,0,85.0,3.8,fasta
52592595.186,907446224.0,15071068.0,8356,45.0,0,87.0,3.8,fasta
52465597.144,906092651.0,15031944.0,8396,45.0,0,85.0,3.8,fasta
56244069.168,953755493.0,16112691.0,8388,45.0,0,84.0,3.8,fasta
52409316.518,902873482.0,15015892.0,8416,45.0,0,86.0,3.8,fasta
47081947.113,794337994.0,13494534.0,9560,45.0,0,83.0,3.10,fasta
47091955.702,803824114.0,13497646.0,9524,45.0,0,84.0,3.10,fasta
47131496.158,792387864.0,13504360.0,9536,45.0,0,83.0,3.10,fasta
47085982.51,807510872.0,13492397.0,9532,45.0,0,84.0,3.10,fasta
47021125.903,792843735.0,13476894.0,9552,45.0,0,83.0,3.10,fasta
47199193.193,795784462.0,13527004.0,9476,45.0,0,85.0,3.10,fasta
47307691.172,802827291.0,13555385.0,9436,45.0,0,84.0,3.10,fasta
47076370.412,798750274.0,13494411.0,9516,45.0,0,86.0,3.10,fasta
47089128.657,795378823.0,13495144.0,9492,45.0,0,83.0,3.10,fasta
47012232.74,799777128.0,13473782.0,9560,45.0,0,86.0,3.10,fasta
40609268.572,689074347.0,11634614.0,9828,45.0,0,83.0,3.11,fasta
40435608.323,684465655.0,11589631.0,9832,45.0,0,82.0,3.11,fasta
40659359.353,694012078.0,11650666.0,9884,45.0,0,85.0,3.11,fasta
40493910.642,689326849.0,11604402.0,9844,45.0,0,85.0,3.11,fasta
40429434.165,682231530.0,11589936.0,9788,45.0,0,82.0,3.11,fasta
40378093.996,689584172.0,11570405.0,9860,45.0,0,83.0,3.11,fasta
40824000.358,701526158.0,11702180.0,9880,45.0,0,84.0,3.11,fasta
40465953.777,685695816.0,11595124.0,9856,45.0,0,83.0,3.11,fasta
40384830.741,684524432.0,11576569.0,9860,45.0,0,83.0,3.11,fasta
40424619.118,692704343.0,11585359.0,9824,45.0,0,85.0,3.11,fasta
315092028.123,8917669493.0,89109391.0,12788,45.0,0,88.0,3.8,fannkuchredux
315396440.341,8828856304.0,89170304.0,12716,45.0,0,88.0,3.8,fannkuchredux
306155250.357,9259583290.0,86568443.0,12780,45.0,0,89.0,3.8,fannkuchredux
315306209.538,9665029213.0,89157182.0,12788,45.0,0,88.0,3.8,fannkuchredux
306131577.088,9212174110.0,86562217.0,12808,45.0,0,88.0,3.8,fannkuchredux
306028351.705,9214533296.0,86536705.0,12780,45.0,0,88.0,3.8,fannkuchredux
309127761.314,9319597358.0,87410787.0,12688,45.0,0,88.0,3.8,fannkuchredux
307466026.364,9310893339.0,86936056.0,12800,45.0,0,88.0,3.8,fannkuchredux
305037044.331,9299168638.0,86260338.0,12736,45.0,0,88.0,3.8,fannkuchredux
312137146.96,9000460540.0,88214007.0,12752,45.0,0,88.0,3.8,fannkuchredux
311178036.594,10053606648.0,88270343.0,12764,42.0,0,89.0,3.9,fannkuchredux
310467659.332,9580957772.0,87396505.0,12856,45.0,0,88.0,3.9,fannkuchredux
313550064.835,9461969735.0,88352068.0,12840,45.0,0,88.0,3.9,fannkuchredux
324012611.042,9847361082.0,91350230.0,12860,45.0,0,89.0,3.9,fannkuchredux
311596688.267,9363594743.0,87942097.0,12872,45.0,0,88.0,3.9,fannkuchredux
311373207.749,9468960744.0,87995868.0,12884,45.0,0,88.0,3.9,fannkuchredux
310211603.933,9418481382.0,87785481.0,12776,45.0,0,89.0,3.9,fannkuchredux
316250065.41,9501164580.0,89478958.0,12856,45.0,0,89.0,3.9,fannkuchredux
317351988.709,9478732021.0,89790175.0,12792,45.0,0,89.0,3.9,fannkuchredux
311322033.817,9360372033.0,88015644.0,12844,45.0,0,88.0,3.9,fannkuchredux
262473718.012,8395021111.0,73793329.0,14772,45.0,0,89.0,3.11,fannkuchredux
259918130.591,8039546435.0,73193539.0,14768,45.0,0,88.0,3.11,fannkuchredux
260764133.522,8065908062.0,73500971.0,14776,45.0,0,88.0,3.11,fannkuchredux
264925213.084,8153837891.0,74723807.0,14660,45.0,0,88.0,3.11,fannkuchredux
264839002.814,8077345716.0,78358137.0,14844,45.0,0,88.0,3.11,fannkuchredux
267304448.223,7571404934.0,75551687.0,14724,45.0,0,88.0,3.11,fannkuchredux
260053542.068,7968391954.0,73600276.0,14848,45.0,0,88.0,3.11,fannkuchredux
260681844.785,7892482786.0,73786066.0,14832,45.0,0,89.0,3.11,fannkuchredux
264020622.428,7852941505.0,74772514.0,14680,45.0,0,88.0,3.11,fannkuchredux
260512625.003,7937553044.0,73669184.0,14680,45.0,0,89.0,3.11,fannkuchredux
318494514.944,8815443558.0,90073378.0,13120,45.0,0,88.0,3.10,fannkuchredux
307271985.759,9177877506.0,86902488.0,13156,45.0,0,88.0,3.10,fannkuchredux
310964370.328,9217965721.0,87933429.0,13176,45.0,0,89.0,3.10,fannkuchredux
307576805.967,9249785647.0,86986654.0,13128,45.0,0,89.0,3.10,fannkuchredux
304466793.453,9191390777.0,86108300.0,13108,45.0,0,88.0,3.10,fannkuchredux
307933811.025,9147469380.0,87102926.0,13160,45.0,0,89.0,3.10,fannkuchredux
307386026.657,9069723852.0,86930198.0,13096,45.0,0,89.0,3.10,fannkuchredux
312410003.004,9061532222.0,88350420.0,13116,45.0,0,89.0,3.10,fannkuchredux
306080137.183,9136741258.0,86576317.0,13048,45.0,0,88.0,3.10,fannkuchredux
309882693.33,9006740859.0,87589131.0,13076,45.0,0,89.0,3.10,fannkuchredux
301816239.658,9430514432.0,84822110.0,12728,43.0,0,88.0,3.7,fannkuchredux
310475618.688,9401474406.0,87422688.0,12660,45.0,0,89.0,3.7,fannkuchredux
307658059.128,9522683202.0,86694969.0,12760,45.0,0,87.0,3.7,fannkuchredux
303550665.472,9381801483.0,85613917.0,12744,45.0,0,89.0,3.7,fannkuchredux
303050562.275,9397835194.0,85566248.0,12760,45.0,0,88.0,3.7,fannkuchredux
941604222.128,20782261678.0,265600211.0,12736,45.0,0,84.0,3.7,fannkuchredux
300984380.436,9382830472.0,85001675.0,12760,45.0,0,89.0,3.7,fannkuchredux
307859859.546,9460641492.0,87098227.0,12764,45.0,0,88.0,3.7,fannkuchredux
306167802.189,9361633627.0,86625022.0,12664,45.0,0,88.0,3.7,fannkuchredux
303656952.275,9353317242.0,85831384.0,12736,45.0,0,88.0,3.7,fannkuchredux
313665232.469,9190632966.0,88908891.0,12548,45.0,0,89.0,3.6,fannkuchredux
313094652.091,9142340121.0,88734819.0,12500,45.0,0,88.0,3.6,fannkuchredux
315600730.235,9231353748.0,89439896.0,12432,45.0,0,88.0,3.6,fannkuchredux
313803968.866,9073279873.0,88913225.0,12504,45.0,0,88.0,3.6,fannkuchredux
312993424.511,9158414848.0,88687761.0,12504,45.0,0,88.0,3.6,fannkuchredux
314207680.622,9101274186.0,89041337.0,12576,45.0,0,88.0,3.6,fannkuchredux
312188260.234,9164600562.0,88460956.0,12448,45.0,0,88.0,3.6,fannkuchredux
311289104.142,9329042280.0,88208575.0,12464,45.0,0,88.0,3.6,fannkuchredux
311290611.192,9300725701.0,88205279.0,12496,45.0,0,88.0,3.6,fannkuchredux
312791337.055,9233401900.0,88632464.0,12432,45.0,0,88.0,3.6,fannkuchredux
303677069.34,8903331699.0,85420802.0,12228,45.0,0,88.0,3.4,fannkuchredux
304075519.805,8914690374.0,85657191.0,12268,45.0,0,88.0,3.4,fannkuchredux
304488821.832,8894567379.0,85915857.0,12304,45.0,0,88.0,3.4,fannkuchredux
305185228.77,8996712869.0,86346215.0,12324,45.0,0,88.0,3.4,fannkuchredux
304281411.262,8900246136.0,86135461.0,12200,45.0,0,89.0,3.4,fannkuchredux
308182961.525,8811201626.0,87196615.0,12312,45.0,0,88.0,3.4,fannkuchredux
307283055.226,8798945126.0,86948691.0,12300,45.0,0,88.0,3.4,fannkuchredux
303879380.859,8900113934.0,86000939.0,12328,45.0,0,88.0,3.4,fannkuchredux
303574699.057,8942930598.0,85919214.0,12276,45.0,0,89.0,3.4,fannkuchredux
309083301.882,8839728774.0,88233600.0,12184,45.0,0,88.0,3.4,fannkuchredux
317501718.486,9156188413.0,90607617.0,12684,45.0,0,89.0,3.5,fannkuchredux
318010612.118,9136401964.0,90759289.0,12664,45.0,0,88.0,3.5,fannkuchredux
323810359.501,8950556798.0,92417427.0,12680,45.0,0,88.0,3.5,fannkuchredux
328321166.335,8767080950.0,93708256.0,12612,45.0,0,88.0,3.5,fannkuchredux
322108056.695,9005947526.0,91932320.0,12628,45.0,0,88.0,3.5,fannkuchredux
322008651.698,9019879131.0,91917856.0,12572,45.0,0,88.0,3.5,fannkuchredux
326722737.328,8803403306.0,93249761.0,12640,45.0,0,88.0,3.5,fannkuchredux
322614984.954,9021547034.0,92089974.0,12588,45.0,0,89.0,3.5,fannkuchredux
324410301.043,8983645275.0,95687255.0,12748,45.0,0,88.0,3.5,fannkuchredux
326828378.093,8826125720.0,93543706.0,12684,45.0,0,88.0,3.5,fannkuchredux
44577611.153,1361161432.0,33267187.0,277012,45.0,0,80.0,3.9,bintrees
44232661.601,1369500278.0,33186621.0,276956,45.0,0,86.0,3.9,bintrees
44495063.09,1364264330.0,33153785.0,276904,45.0,0,82.0,3.9,bintrees
44028247.316,1373847557.0,33327429.0,277008,45.0,0,87.0,3.9,bintrees
44244012.959,1360942927.0,33219641.0,277004,45.0,0,86.0,3.9,bintrees
44075836.066,1368503455.0,33222816.0,277024,45.0,0,87.0,3.9,bintrees
44549393.233,1382311769.0,33494422.0,276984,45.0,0,81.0,3.9,bintrees
44393474.54,1360428341.0,33167213.0,277012,45.0,0,82.0,3.9,bintrees
44498197.577,1371359100.0,33299354.0,276984,45.0,0,83.0,3.9,bintrees
44880058.161,1382109255.0,33369483.0,276992,45.0,0,81.0,3.9,bintrees
46189280.133,1426097119.0,33335547.0,276628,45.0,0,86.0,3.8,bintrees
46195674.929,1443142546.0,33262244.0,276600,45.0,0,87.0,3.8,bintrees
46148402.79,1429313968.0,33266883.0,276592,45.0,0,87.0,3.8,bintrees
45991946.215,1428950138.0,33145362.0,276584,45.0,0,88.0,3.8,bintrees
45975991.383,1424930007.0,33212805.0,276568,45.0,0,88.0,3.8,bintrees
46558665.349,1448550368.0,33535254.0,276620,45.0,0,82.0,3.8,bintrees
46240511.731,1423820695.0,33174232.0,276628,45.0,0,86.0,3.8,bintrees
45898214.6,1414509928.0,33153236.0,276628,45.0,0,83.0,3.8,bintrees
46724788.906,1448099198.0,33600561.0,276604,45.0,0,80.0,3.8,bintrees
46352205.448,1432993829.0,33436132.0,276624,45.0,0,85.0,3.8,bintrees
47487297.841,1460275681.0,34362522.0,274312,45.0,0,83.0,3.10,bintrees
47764124.119,1475362129.0,34552097.0,274276,45.0,0,79.0,3.10,bintrees
47632407.538,1478352843.0,34358677.0,274312,45.0,0,83.0,3.10,bintrees
47878023.451,1464870091.0,34284946.0,274300,45.0,0,80.0,3.10,bintrees
47829945.17,1479578060.0,34358859.0,274272,45.0,0,83.0,3.10,bintrees
47591738.668,1471831132.0,34424228.0,274288,45.0,0,81.0,3.10,bintrees
47595358.586,1473624767.0,34466221.0,274292,45.0,0,82.0,3.10,bintrees
48089093.081,1473724743.0,34302219.0,274256,45.0,0,87.0,3.10,bintrees
47394920.798,1468792688.0,34420017.0,274276,45.0,0,85.0,3.10,bintrees
47739558.426,1473259290.0,34476840.0,274328,45.0,0,81.0,3.10,bintrees
51504723.45,1615366470.0,33687536.0,276884,45.0,0,83.0,3.6,bintrees
52362774.426,1626409044.0,33975377.0,276912,45.0,0,85.0,3.6,bintrees
51758804.186,1605870217.0,33587011.0,276888,45.0,0,82.0,3.6,bintrees
51911966.057,1615529312.0,33732275.0,276920,45.0,0,80.0,3.6,bintrees
51623907.81,1601622731.0,33561010.0,276904,45.0,0,85.0,3.6,bintrees
51652217.616,1597239808.0,33677709.0,276896,45.0,0,84.0,3.6,bintrees
51054979.717,1597592468.0,33465429.0,276884,45.0,0,88.0,3.6,bintrees
51165271.789,1599535273.0,33650976.0,276904,45.0,0,88.0,3.6,bintrees
51240607.707,1582470619.0,33454321.0,276924,45.0,0,86.0,3.6,bintrees
52117499.155,1628394086.0,33828831.0,276884,45.0,0,87.0,3.6,bintrees
47864746.477,1479090086.0,35646088.0,345856,45.0,0,80.0,3.7,bintrees
48303694.922,1495176165.0,35908661.0,345836,45.0,0,83.0,3.7,bintrees
47697078.625,1469998373.0,35560944.0,345808,45.0,0,82.0,3.7,bintrees
47883792.652,1481118462.0,35708343.0,345924,45.0,0,80.0,3.7,bintrees
48212020.903,1496211074.0,35843659.0,345856,45.0,0,86.0,3.7,bintrees
48152463.151,1477161441.0,35609650.0,345848,45.0,0,86.0,3.7,bintrees
47892489.693,1494370870.0,35917144.0,345888,45.0,0,82.0,3.7,bintrees
48390974.132,1491973598.0,35917816.0,345864,45.0,0,84.0,3.7,bintrees
47981296.177,1484204452.0,35710968.0,345836,45.0,0,87.0,3.7,bintrees
47877219.302,1483728867.0,35784393.0,345848,45.0,0,81.0,3.7,bintrees
33869697.009,1016936483.0,30227767.0,275408,45.0,0,78.0,3.11,bintrees
33686727.669,1012188938.0,30516828.0,275468,45.0,0,78.0,3.11,bintrees
33678328.87,1015270106.0,30147140.0,275472,45.0,0,77.0,3.11,bintrees
33319172.364,1020154432.0,30284407.0,275468,45.0,0,80.0,3.11,bintrees
33421391.111,1008990154.0,30122359.0,275448,45.0,0,78.0,3.11,bintrees
33608391.742,1011042455.0,30113692.0,275424,45.0,0,76.0,3.11,bintrees
33674782.373,1021980965.0,30355818.0,275452,45.0,0,79.0,3.11,bintrees
33488090.016,1016218956.0,30245650.0,275496,45.0,0,77.0,3.11,bintrees
33455333.088,1020382764.0,30149947.0,275388,45.0,0,77.0,3.11,bintrees
33595713.398,1019095902.0,30610090.0,275408,45.0,0,76.0,3.11,bintrees
63251783.214,1977404606.0,28513416.0,506372,45.0,0,89.0,3.8,knucleotide
61813152.11,1973461989.0,28832995.0,506368,45.0,0,89.0,3.8,knucleotide
64106440.571,1984713486.0,28855884.0,506436,45.0,0,89.0,3.8,knucleotide
63749489.595,1974062573.0,28646289.0,506416,45.0,0,89.0,3.8,knucleotide
61230033.613,1967073761.0,27954885.0,506404,45.0,0,89.0,3.8,knucleotide
60804185.723,1946687033.0,27823354.0,506428,45.0,0,88.0,3.8,knucleotide
62754544.976,1965792453.0,28618640.0,506472,45.0,0,89.0,3.8,knucleotide
64956218.378,1974735729.0,29265000.0,506368,45.0,0,89.0,3.8,knucleotide
65189511.788,2004151851.0,29195970.0,506404,45.0,0,89.0,3.8,knucleotide
64563695.65,1960211657.0,29061876.0,506436,45.0,0,89.0,3.8,knucleotide
62982066.538,1985450667.0,28884447.0,506556,45.0,0,89.0,3.9,knucleotide
61708491.079,1964663671.0,28138356.0,506596,45.0,0,88.0,3.9,knucleotide
62789210.889,1952517950.0,29106859.0,506600,45.0,0,88.0,3.9,knucleotide
65255288.033,2007759325.0,29406846.0,506560,45.0,0,89.0,3.9,knucleotide
65632889.758,1992580592.0,29460435.0,506620,45.0,0,89.0,3.9,knucleotide
65834031.767,2022096080.0,29639268.0,506612,45.0,0,89.0,3.9,knucleotide
61643437.379,1990514374.0,28726977.0,506516,45.0,0,89.0,3.9,knucleotide
63912316.966,1965447788.0,29337083.0,506612,45.0,0,89.0,3.9,knucleotide
63475768.716,1971670246.0,29081408.0,506584,45.0,0,89.0,3.9,knucleotide
63101016.488,1976134956.0,28884264.0,506588,45.0,0,89.0,3.9,knucleotide
60587203.97,1867839274.0,31283428.0,506428,45.0,0,84.0,3.11,knucleotide
59405576.213,1853876723.0,31961161.0,506436,45.0,0,88.0,3.11,knucleotide
61914103.674,1883234376.0,31714763.0,506480,45.0,0,82.0,3.11,knucleotide
64596821.631,1897225734.0,33386389.0,506472,45.0,0,83.0,3.11,knucleotide
63878477.277,1889030564.0,32837075.0,506428,45.0,0,83.0,3.11,knucleotide
63772538.1,1897004177.0,32456948.0,506484,45.0,0,84.0,3.11,knucleotide
60157317.723,1858687136.0,31237408.0,506468,45.0,0,82.0,3.11,knucleotide
65456012.076,1866360639.0,34304112.0,506440,45.0,0,82.0,3.11,knucleotide
62914910.768,1905952823.0,32611184.0,506488,45.0,0,81.0,3.11,knucleotide
63095202.258,1886835135.0,32430459.0,506468,45.0,0,83.0,3.11,knucleotide
63335524.341,1972607499.0,29492966.0,505368,45.0,0,89.0,3.10,knucleotide
61129096.172,1931177979.0,28078175.0,505396,45.0,0,88.0,3.10,knucleotide
63564541.055,1974076245.0,28642261.0,505412,45.0,0,89.0,3.10,knucleotide
62260616.288,1948754777.0,28423023.0,505396,45.0,0,88.0,3.10,knucleotide
62835361.342,1961174667.0,29020494.0,505424,45.0,0,88.0,3.10,knucleotide
63318879.229,1940681983.0,28682178.0,505392,45.0,0,89.0,3.10,knucleotide
61615807.781,1940184791.0,28242970.0,505436,45.0,0,88.0,3.10,knucleotide
64322268.153,1937043503.0,28904223.0,505432,45.0,0,89.0,3.10,knucleotide
62245616.239,1905837223.0,30513166.0,505424,45.0,0,87.0,3.10,knucleotide
65224350.538,1987338479.0,29909896.0,505412,45.0,0,89.0,3.10,knucleotide
72606151.275,2293014699.0,41067033.0,911300,44.0,0,89.0,3.0,knucleotide
69641050.079,2223401108.0,40160603.0,911372,45.0,0,88.0,3.0,knucleotide
72632997.18,2243666009.0,41300310.0,911372,45.0,0,89.0,3.0,knucleotide
72495078.176,2202448403.0,40259053.0,911336,45.0,0,89.0,3.0,knucleotide
72367790.229,2180347934.0,40203998.0,911344,45.0,0,89.0,3.0,knucleotide
70550923.724,2176352400.0,41025408.0,911352,45.0,0,89.0,3.0,knucleotide
73799892.56,2202646888.0,42610243.0,911368,45.0,0,88.0,3.0,knucleotide
72605609.028,2193717834.0,40081746.0,911344,45.0,0,89.0,3.0,knucleotide
71288397.278,2173364248.0,40977129.0,911392,45.0,0,89.0,3.0,knucleotide
72414407.096,2210131916.0,41625381.0,911352,45.0,0,89.0,3.0,knucleotide
60326439.729,1900178485.0,28309559.0,506496,45.0,0,89.0,3.7,knucleotide
59254780.331,1888578295.0,28174550.0,506448,45.0,0,88.0,3.7,knucleotide
59470529.923,1915996620.0,27893849.0,506436,45.0,0,88.0,3.7,knucleotide
61960917.127,1906094973.0,28428943.0,506468,45.0,0,88.0,3.7,knucleotide
60182937.341,1911895679.0,27676564.0,506500,45.0,0,89.0,3.7,knucleotide
58140239.939,1877135087.0,27050285.0,506432,45.0,0,88.0,3.7,knucleotide
58644247.769,1899395162.0,27294181.0,506464,45.0,0,88.0,3.7,knucleotide
58555872.305,1869112281.0,27939321.0,506456,45.0,0,89.0,3.7,knucleotide
62957642.432,1952629645.0,28701587.0,506476,45.0,0,85.0,3.7,knucleotide
59733644.177,1885379146.0,27813833.0,506492,45.0,0,88.0,3.7,knucleotide
61092621.794,1942120151.0,27874501.0,506640,45.0,0,89.0,3.6,knucleotide
58310375.169,1976297491.0,27582937.0,506688,45.0,0,89.0,3.6,knucleotide
59119209.498,1935654286.0,27722952.0,506684,45.0,0,89.0,3.6,knucleotide
59325665.754,1942265535.0,27702139.0,506660,45.0,0,89.0,3.6,knucleotide
58124715.116,1939800820.0,27528677.0,506704,45.0,0,88.0,3.6,knucleotide
56914594.863,1913586532.0,26372735.0,506696,45.0,0,89.0,3.6,knucleotide
60631742.233,1952256232.0,27773611.0,506740,45.0,0,89.0,3.6,knucleotide
59128049.938,1944689296.0,27424734.0,506740,45.0,0,89.0,3.6,knucleotide
58418027.958,1918300509.0,27282034.0,506684,45.0,0,89.0,3.6,knucleotide
58613083.413,1915532450.0,27457022.0,506672,45.0,0,89.0,3.6,knucleotide
58759852.465,1966450044.0,36079681.0,504976,45.0,0,89.0,3.4,knucleotide
58796535.902,1946116600.0,36139251.0,505020,45.0,0,89.0,3.4,knucleotide
58594481.152,1906695620.0,34072911.0,504964,45.0,0,89.0,3.4,knucleotide
59694941.501,1918094760.0,36234648.0,504988,45.0,0,89.0,3.4,knucleotide
59503144.209,1912103076.0,36003021.0,504980,45.0,0,89.0,3.4,knucleotide
57505767.978,1899239645.0,34286472.0,504964,45.0,0,89.0,3.4,knucleotide
57494743.155,1900921770.0,35547760.0,504988,45.0,0,88.0,3.4,knucleotide
59505556.452,1917351049.0,35964629.0,504984,45.0,0,89.0,3.4,knucleotide
61005835.543,1916541480.0,35170686.0,505016,45.0,0,88.0,3.4,knucleotide
57003526.484,1913315780.0,34071934.0,504956,45.0,0,88.0,3.4,knucleotide
62827020.047,1993584557.0,35611359.0,505652,45.0,0,89.0,3.5,knucleotide
65269340.819,2088645348.0,36729032.0,505668,45.0,0,89.0,3.5,knucleotide
60053511.898,2000383307.0,36406157.0,505652,45.0,0,89.0,3.5,knucleotide
59462466.909,2021880871.0,36173492.0,505716,45.0,0,88.0,3.5,knucleotide
60962518.68,2053013604.0,36073333.0,505684,45.0,0,88.0,3.5,knucleotide
60455743.532,1985952252.0,36285186.0,505696,45.0,0,89.0,3.5,knucleotide
58453993.455,1962586162.0,34227024.0,505728,45.0,0,89.0,3.5,knucleotide
59364260.621,1992660304.0,36875149.0,505748,45.0,0,89.0,3.5,knucleotide
59458139.787,1989823519.0,36210479.0,505708,45.0,0,89.0,3.5,knucleotide
63268249.465,2003571714.0,37106533.0,505648,45.0,0,89.0,3.5,knucleotide
3509749.28,52738939.0,1007932.0,10164,45.0,0,71.0,3.10,pidigits
3499613.212,52987841.0,1004697.0,10056,45.0,0,71.0,3.10,pidigits
3493669.596,52708666.0,1006711.0,10156,45.0,0,71.0,3.10,pidigits
3499985.729,52703417.0,1004697.0,10152,45.0,0,70.0,3.10,pidigits
3499141.002,52435230.0,1004514.0,10136,45.0,0,70.0,3.10,pidigits
3494769.334,52502063.0,1007382.0,10084,45.0,0,72.0,3.10,pidigits
3507147.611,52836901.0,1006833.0,10104,45.0,0,72.0,3.10,pidigits
3497535.639,52670947.0,1003721.0,10168,45.0,0,72.0,3.10,pidigits
3494350.161,52890917.0,1003232.0,10032,45.0,0,71.0,3.10,pidigits
3519874.875,53006395.0,1010495.0,10152,45.0,0,72.0,3.10,pidigits
3479872.324,52373584.0,999570.0,10496,45.0,0,71.0,3.11,pidigits
3480011.316,52390674.0,999753.0,10492,45.0,0,71.0,3.11,pidigits
3480582.468,52124806.0,999509.0,10492,45.0,0,71.0,3.11,pidigits
3482586.4,52155750.0,1003721.0,10468,45.0,0,70.0,3.11,pidigits
3486249.454,52111561.0,1000791.0,10416,45.0,0,71.0,3.11,pidigits
3486616.915,52283313.0,1001523.0,10500,45.0,0,71.0,3.11,pidigits
3492964.381,52079151.0,1006834.0,10420,45.0,0,71.0,3.11,pidigits
3476696.321,52372181.0,998533.0,10412,45.0,0,71.0,3.11,pidigits
3477920.06,52438343.0,998594.0,10420,45.0,0,71.0,3.11,pidigits
3476034.654,52368518.0,998045.0,10512,45.0,0,71.0,3.11,pidigits
3584620.074,54879010.0,1029844.0,9384,45.0,0,71.0,3.9,pidigits
3579232.583,54134382.0,1028135.0,9352,45.0,0,71.0,3.9,pidigits
3580058.424,54165267.0,1027341.0,9200,45.0,0,71.0,3.9,pidigits
3586644.497,53844283.0,1029355.0,9280,45.0,0,70.0,3.9,pidigits
3586013.516,53900253.0,1029538.0,9376,45.0,0,70.0,3.9,pidigits
3591429.562,54672284.0,1034665.0,9280,45.0,0,71.0,3.9,pidigits
3578322.146,54132918.0,1026608.0,9372,45.0,0,71.0,3.9,pidigits
3577281.037,54438947.0,1026547.0,9276,45.0,0,71.0,3.9,pidigits
3589107.836,54131758.0,1033749.0,9276,45.0,0,71.0,3.9,pidigits
3582536.972,53826034.0,1027769.0,9208,45.0,0,70.0,3.9,pidigits
3651820.739,55521403.0,1048215.0,9164,45.0,0,70.0,3.8,pidigits
3655772.281,55805460.0,1052304.0,9080,45.0,0,70.0,3.8,pidigits
3652800.798,55351543.0,1048215.0,9192,45.0,0,71.0,3.8,pidigits
3657098.828,55555339.0,1049374.0,9232,45.0,0,71.0,3.8,pidigits
3655189.081,55571696.0,1052671.0,9220,45.0,0,73.0,3.8,pidigits
3663369.198,55333843.0,1051695.0,9192,45.0,0,71.0,3.8,pidigits
3664794.401,55676615.0,1051877.0,9224,45.0,0,71.0,3.8,pidigits
3648418.794,55612529.0,1046750.0,9216,45.0,0,72.0,3.8,pidigits
3655166.443,55859049.0,1052854.0,9192,45.0,0,72.0,3.8,pidigits
3659694.304,55933085.0,1050290.0,9228,45.0,0,71.0,3.8,pidigits
3399718.763,50902763.0,979795.0,9616,45.0,0,71.0,3.6,pidigits
3400981.934,50358331.0,976133.0,9624,45.0,0,72.0,3.6,pidigits
3398136.526,50117670.0,975339.0,9588,45.0,0,72.0,3.6,pidigits
3404335.193,50691581.0,977049.0,9644,45.0,0,70.0,3.6,pidigits
3422080.979,50902336.0,982175.0,9620,45.0,0,71.0,3.6,pidigits
3394515.921,50736687.0,974607.0,9648,45.0,0,70.0,3.6,pidigits
3394361.902,50521782.0,974301.0,9692,45.0,0,70.0,3.6,pidigits
3397947.154,50825065.0,979489.0,9660,45.0,0,71.0,3.6,pidigits
3399507.048,50829521.0,976133.0,9656,45.0,0,72.0,3.6,pidigits
3398269.687,50582146.0,976011.0,9688,45.0,0,71.0,3.6,pidigits
3941599.594,60598966.0,1131101.0,9704,45.0,0,72.0,3.7,pidigits
3958058.688,61105983.0,1139096.0,9568,45.0,0,70.0,3.7,pidigits
3963958.56,61080899.0,1138669.0,9716,45.0,0,71.0,3.7,pidigits
3960707.374,61098965.0,1136899.0,9700,45.0,0,71.0,3.7,pidigits
3949841.359,60573331.0,1133481.0,9652,45.0,0,72.0,3.7,pidigits
3945024.308,60558317.0,1132077.0,9704,45.0,0,72.0,3.7,pidigits
3961355.13,60922085.0,1136594.0,9668,45.0,0,71.0,3.7,pidigits
3948325.082,60561490.0,1133298.0,9680,45.0,0,72.0,3.7,pidigits
3980129.577,60469389.0,1142087.0,9676,45.0,0,70.0,3.7,pidigits
3957081.611,60581754.0,1135556.0,9668,45.0,0,71.0,3.7,pidigits
3506821.396,52974474.0,1007017.0,9836,45.0,0,73.0,3.5,pidigits
3510611.69,53239183.0,1008115.0,9812,45.0,0,73.0,3.5,pidigits
3523471.594,53527268.0,1011899.0,9852,45.0,0,71.0,3.5,pidigits
3514018.689,53041551.0,1010557.0,9836,45.0,0,71.0,3.5,pidigits
3511256.986,52583300.0,1007749.0,9872,45.0,0,72.0,3.5,pidigits
3524494.211,52494677.0,1011472.0,9908,45.0,0,71.0,3.5,pidigits
3519820.012,52151172.0,1014462.0,9892,45.0,0,70.0,3.5,pidigits
3518293.05,53417710.0,1009763.0,9924,45.0,0,71.0,3.5,pidigits
3507665.875,53247361.0,1007139.0,9852,45.0,0,71.0,3.5,pidigits
3511182.473,52920031.0,1007688.0,9864,45.0,0,71.0,3.5,pidigits
3506886.659,52446032.0,1007139.0,9516,45.0,0,70.0,3.4,pidigits
3507969.072,52725878.0,1006895.0,9524,45.0,0,71.0,3.4,pidigits
3507451.303,53614060.0,1007077.0,9444,45.0,0,71.0,3.4,pidigits
3499135.573,53074144.0,1007749.0,9544,45.0,0,71.0,3.4,pidigits
3501837.226,52676135.0,1004819.0,9552,45.0,0,70.0,3.4,pidigits
3502833.93,52746569.0,1005674.0,9508,45.0,0,70.0,3.4,pidigits
3502651.838,52390247.0,1005491.0,9556,45.0,0,70.0,3.4,pidigits
3506632.427,52874559.0,1006956.0,9560,45.0,0,71.0,3.4,pidigits
3517024.233,52524524.0,1009824.0,9476,45.0,0,72.0,3.4,pidigits
3506615.118,52525195.0,1006772.0,9480,45.0,0,70.0,3.4,pidigits
18716266.164,259982733.0,5367784.0,8352,45.0,0,73.0,3.0,pidigits
18723809.82,259020394.0,5374254.0,8376,45.0,0,70.0,3.0,pidigits
18713616.148,260371526.0,5371751.0,8380,45.0,0,71.0,3.0,pidigits
18723752.35,257900524.0,5369920.0,8340,45.0,0,72.0,3.0,pidigits
18722264.106,258114818.0,5372300.0,8360,45.0,0,70.0,3.0,pidigits
18723387.179,259951422.0,5366136.0,8352,45.0,0,72.0,3.0,pidigits
18718253.939,260311101.0,5369493.0,8360,45.0,0,73.0,3.0,pidigits
18718550.724,259908515.0,5366564.0,8360,45.0,0,71.0,3.0,pidigits
18715857.928,259587104.0,5364183.0,8412,45.0,0,71.0,3.0,pidigits
18721737.028,261001224.0,5365648.0,8408,45.0,0,71.0,3.0,pidigits
